instrument,asset,stem,published_start,published_mean,published_vol,first_adjusted,mean_adjusted,vol_adjusted,vol_ratio_adjusted,first_naive,mean_naive,vol_naive,vol_ratio_naive
ALUMINUM,COM,ALUMINIUM_LME,Jan-79,0.97,23.5,,,,,,,,
BRENTOIL,COM,BRENT_W,Apr-89,13.87,32.51,1989-08-11,12.11,34.31,1.06,1989-08-11,9.91,32.36,1.0
CATTLE,COM,LIVECOW,Jan-65,4.52,17.14,1971-10-21,3.23,13.72,0.8,1971-10-21,4.54,15.37,0.9
COCOA,COM,COCOA,Jan-65,5.61,32.38,,,,,1970-03-25,9.55,30.92,0.95
COFFEE,COM,COFFEE,Mar-74,5.72,38.62,2007-02-20,-0.69,29.25,0.76,2007-02-20,6.86,29.35,0.76
COPPER,COM,COPPER,Jan-77,8.9,27.39,1995-09-01,6.89,25.19,0.92,1995-09-01,7.11,25.23,0.92
CORN,COM,CORN,Jan-65,3.19,24.37,1972-10-18,0.27,23.76,0.98,1972-10-18,5.62,26.08,1.07
COTTON,COM,COTTON2,Aug-67,1.41,24.35,,,,,1970-03-10,6.11,26.93,1.11
CRUDE,COM,CRUDE_W,Mar-83,11.61,34.72,1990-10-16,9.77,25.27,0.73,1990-10-16,6.67,26.18,0.75
GASOIL,COM,GASOIL,Oct-84,11.95,33.18,2015-01-12,12.18,34.88,1.05,1986-06-16,9.73,31.05,0.94
GOLD,COM,GOLD,Dec-69,5.36,21.37,1975-04-01,2.05,18.63,0.87,1975-04-01,6.89,18.66,0.87
HEATOIL,COM,HEATOIL,Dec-78,9.79,33.78,2021-05-17,26.43,31.63,0.94,1980-02-19,7.32,30.17,0.89
HOGS,COM,LEANHOG,Feb-66,3.39,26.01,2020-05-27,13.54,25.08,0.96,1974-07-22,5.04,25.68,0.99
NATGAS,COM,GAS_US,Apr-90,9.74,53.3,1990-07-26,-6.5,45.93,0.86,1990-07-26,13.15,48.76,0.91
NICKEL,COM,NICKEL_LME,Jan-93,12.69,35.76,,,,,,,,
SILVER,COM,SILVER,Jan-65,3.17,31.11,2020-12-01,3.06,27.7,0.89,1970-06-15,10.13,32.36,1.04
SOYBEANS,COM,SOYBEAN,Jan-65,5.57,27.26,1985-09-20,4.74,20.16,0.74,1985-09-20,4.32,21.15,0.78
SOYMEAL,COM,SOYMEAL,Sep-83,6.14,24.59,2021-02-01,5.18,20.33,0.83,1970-05-05,7.13,30.26,1.23
SOYOIL,COM,SOYOIL,Oct-90,1.07,25.39,2021-02-01,16.01,30.64,1.21,1970-02-03,7.07,29.04,1.14
SUGAR,COM,SUGAR11,Jan-65,4.44,42.87,1970-02-16,6.93,36.63,0.85,1970-02-16,10.35,38.37,0.9
UNLEADED,COM,GASOILINE,Dec-84,15.92,37.36,1985-01-15,15.0,34.89,0.93,1985-01-15,9.73,34.99,0.94
WHEAT,COM,WHEAT,Jan-65,1.84,25.11,1973-12-19,-1.3,23.53,0.94,1973-12-19,3.51,24.77,0.99
ZINC,COM,ZINC_LME,Jan-91,1.98,24.76,,,,,,,,
ASX_SPI200,EQ,SPI200,Jan-77,7.25,18.33,2022-08-22,8.75,13.47,0.73,2022-08-22,8.79,13.11,0.71
DAX,EQ,DAX,Jan-75,6.33,20.41,2000-03-13,4.42,20.66,1.01,2000-03-13,5.83,20.49,1.0
IBEX35,EQ,IBEX,Jan-80,9.37,21.84,1992-10-07,8.42,20.66,0.95,1992-10-07,7.66,20.69,0.95
CAC40,EQ,CAC,Jan-75,6.73,20.87,,,,,2009-04-16,8.34,17.12,0.82
FTSE_MIB,EQ,MIB,Jun-78,6.13,24.59,2022-09-19,30.69,18.92,0.77,2022-09-19,29.77,19.21,0.78
TOPIX,EQ,TOPIX,Jul-76,2.29,18.66,2010-03-11,11.07,16.03,0.86,2010-03-11,9.1,16.09,0.86
AEX,EQ,AEX,Jan-75,7.72,19.18,2009-08-18,10.88,14.75,0.77,2009-08-18,8.86,14.92,0.78
FTSE100,EQ,FTSE100,Jan-75,6.97,17.77,2021-08-19,5.31,11.05,0.62,1984-05-21,6.22,15.36,0.86
SP500,EQ,SP500,Jan-65,3.47,15.45,1982-09-14,8.46,15.29,0.99,1982-09-14,10.26,15.31,0.99
EURO_2Y,FI,SHATZ,Mar-97,1.02,1.53,2019-09-02,-1.19,1.44,0.94,2007-12-05,0.11,1.38,0.9
EURO_5Y,FI,BOBL,Jan-93,2.56,3.22,2008-03-05,1.58,3.33,1.03,2008-03-05,0.44,3.73,1.16
EURO_10Y,FI,BUND,Dec-79,2.4,5.74,2019-09-02,-4.91,7.57,1.32,2006-12-01,0.88,6.6,1.15
EURO_30Y,FI,BUXL,Dec-98,4.71,11.7,2015-12-03,0.29,15.57,1.33,2015-12-03,-0.06,16.21,1.39
CAN_10Y,FI,CAD10,Dec-84,4.04,7.36,1993-05-21,2.81,6.0,0.82,1993-05-21,0.67,6.91,0.94
JP_10Y,FI,JGB,Dec-81,3.66,5.4,2001-12-04,1.52,2.47,0.46,2001-12-04,0.29,2.57,0.48
UK_10Y,FI,GILT,Dec-79,3.0,9.12,1983-03-25,2.67,7.63,0.84,1983-03-25,0.33,9.07,0.99
US_2Y,FI,US2,Apr-96,1.65,1.86,2000-03-02,0.78,1.58,0.85,2000-03-02,0.16,1.68,0.9
US_5Y,FI,US5,Jan-90,3.17,4.25,1989-05-31,2.07,4.01,0.94,1989-05-31,0.36,4.28,1.01
US_10Y,FI,US10,Dec-79,3.8,9.3,1982-08-30,3.59,6.59,0.71,1982-08-30,1.15,6.87,0.74
US_30Y,FI,US30,Jan-90,9.5,18.56,2021-03-02,-12.95,15.99,0.86,2010-03-03,1.3,13.66,0.74
AUD_USD,FX,AUD,Mar-72,1.85,10.86,1987-06-16,2.34,11.23,1.03,1987-06-16,0.4,11.18,1.03
EUR_USD,FX,EUR,Sep-71,1.57,11.21,1999-06-15,-0.38,9.33,0.83,1999-06-15,0.56,9.31,0.83
CAD_USD,FX,CAD,Mar-72,0.6,6.29,1972-09-14,0.06,6.65,1.06,1972-09-14,-0.4,6.62,1.05
JPY_USD,FX,JPY,Sep-71,1.35,11.66,1977-06-14,-0.94,11.36,0.97,1977-06-14,1.93,11.43,0.98
NOK_USD,FX,NOK,Feb-78,1.37,10.56,2002-06-14,-0.5,11.82,1.12,2002-06-14,-0.7,11.9,1.13
NZD_USD,FX,NZD,Feb-78,2.31,12.01,2003-03-11,3.53,12.86,1.07,2003-03-11,1.23,12.75,1.06
SEK_USD,FX,SEK,Feb-78,0.05,11.06,2002-06-14,-2.16,11.81,1.07,2002-06-14,0.21,11.31,1.02
CHF_USD,FX,CHF,Sep-71,1.34,12.33,1972-09-14,0.65,11.63,0.94,1972-09-14,3.47,11.77,0.95
GBP_USD,FX,GBP,Sep-71,1.39,10.32,1975-12-16,0.67,10.14,0.98,1975-12-16,-0.43,10.09,0.98
